epoch,time,train/box_loss,train/cls_loss,train/dfl_loss,metrics/precision(B),metrics/recall(B),metrics/mAP50(B),metrics/mAP50-95(B),val/box_loss,val/cls_loss,val/dfl_loss,lr/pg0,lr/pg1,lr/pg2
1,19.3669,1.43378,4.71669,1.19209,0.00217,0.65,0.00336,0.00183,1.46662,4.71173,1.13355,0.000533333,0.000533333,0.000533333
2,25.5471,1.57475,3.69293,1.10983,0.00233,0.7,0.00387,0.0013,1.58967,4.86035,1.17043,0.00118812,0.00118812,0.00118812
3,30.767,1.54129,3.27509,1.14288,0.00167,0.5,0.00158,0.00048,1.97342,5.55366,1.36844,0.00182971,0.00182971,0.00182971
4,35.8855,1.61585,3.21585,1.09198,0.0015,0.45,0.00111,0.00046,1.83447,5.60927,1.31458,0.0019406,0.0019406,0.0019406
5,41.1851,1.66001,2.88593,1.18607,0.00033,0.1,4e-05,1e-05,2.18575,7.11236,1.6635,0.0019208,0.0019208,0.0019208
6,46.4609,1.56426,2.64504,1.2663,0,0,0,0,2.79687,7.66884,2.20932,0.001901,0.001901,0.001901
7,51.8359,1.55315,2.53529,1.13505,0,0,0,0,2.28494,6.3356,1.97785,0.0018812,0.0018812,0.0018812
8,57.1765,1.40362,2.51706,1.13591,0.00017,0.05,1e-05,0,2.09399,6.39355,1.77064,0.0018614,0.0018614,0.0018614
9,62.5261,1.47818,2.23899,1.14068,0.001,0.3,0.00065,0.00026,1.76903,5.32774,1.39195,0.0018416,0.0018416,0.0018416
10,67.8635,1.50889,2.18123,1.12997,0.00133,0.4,0.00079,0.00032,1.65705,5.00396,1.36679,0.0018218,0.0018218,0.0018218
11,73.1684,1.43911,2.02876,1.09036,0.0015,0.45,0.00129,0.00051,1.65446,4.98154,1.32316,0.001802,0.001802,0.001802
12,78.435,1.27824,1.97234,1.09651,0.002,0.6,0.00262,0.0012,1.59154,4.57098,1.24696,0.0017822,0.0017822,0.0017822
13,83.6938,1.27602,1.84606,1.07471,0.002,0.6,0.0971,0.07715,1.40679,4.08374,1.23561,0.0017624,0.0017624,0.0017624
14,89.0629,1.23697,1.97863,1.05334,0.00217,0.65,0.34906,0.26526,1.27117,3.70992,1.19158,0.0017426,0.0017426,0.0017426
15,94.4993,1.17702,1.70866,1.07189,1,0.30962,0.38957,0.27641,1.35075,3.39244,1.21613,0.0017228,0.0017228,0.0017228
16,99.8334,1.30244,1.68483,1.0598,0.68723,0.1,0.32167,0.21241,1.43636,3.52692,1.20806,0.001703,0.001703,0.001703
17,105.156,1.22276,1.6461,1.05008,0.25793,0.25,0.19411,0.13321,1.37037,3.30834,1.18662,0.0016832,0.0016832,0.0016832
18,110.421,1.22507,1.53054,1.03378,1,0.3236,0.55212,0.36216,1.31559,2.99588,1.15701,0.0016634,0.0016634,0.0016634
19,115.715,1.19301,1.51903,1.05842,0.91085,0.51159,0.69534,0.48069,1.34944,2.80803,1.14118,0.0016436,0.0016436,0.0016436
20,120.99,1.26713,1.55907,1.05994,0.91912,0.56914,0.72903,0.47641,1.3509,2.61697,1.10973,0.0016238,0.0016238,0.0016238
21,126.27,1.22229,1.48347,1.05069,0.75159,0.45413,0.69032,0.46145,1.32801,2.61483,1.10553,0.001604,0.001604,0.001604
22,131.613,1.26034,1.35877,1.06712,0.73169,0.7,0.67124,0.45697,1.29761,2.39297,1.08885,0.0015842,0.0015842,0.0015842
23,136.863,1.17204,1.3693,1.00367,0.80799,0.7,0.72597,0.45262,1.30865,2.06456,1.07958,0.0015644,0.0015644,0.0015644
24,142.186,1.16094,1.27739,0.99101,0.81731,0.7,0.78878,0.53661,1.22381,1.94902,1.0809,0.0015446,0.0015446,0.0015446
25,147.521,1.16797,1.2042,1.01892,0.88345,0.75841,0.82768,0.60759,1.13599,1.67059,1.03318,0.0015248,0.0015248,0.0015248
26,152.881,1.16007,1.17692,0.9983,0.93215,0.68759,0.82084,0.59643,1.12808,1.56002,1.01812,0.001505,0.001505,0.001505
27,158.264,1.18116,1.19955,1.06175,0.93385,0.70619,0.82267,0.59772,1.18511,1.56727,1.04085,0.0014852,0.0014852,0.0014852
28,163.682,1.19523,1.18847,1.14002,0.90781,0.75,0.8172,0.5551,1.17699,1.58036,1.03264,0.0014654,0.0014654,0.0014654
29,169.417,1.09572,1.11725,0.9594,1,0.69365,0.84302,0.58214,1.12467,1.56071,1.00676,0.0014456,0.0014456,0.0014456
30,174.802,1.08295,1.15862,0.99378,1,0.69567,0.85318,0.58691,1.10536,1.47337,0.99921,0.0014258,0.0014258,0.0014258
31,180.151,1.04278,1.04122,0.98812,1,0.72057,0.85287,0.61502,1.09805,1.49479,0.99855,0.001406,0.001406,0.001406
32,185.575,0.99053,1.06409,0.9601,0.93749,0.74993,0.8512,0.60177,1.07574,1.44544,0.99613,0.0013862,0.0013862,0.0013862
33,191.088,1.12516,1.18519,1.0028,0.90737,0.7,0.8475,0.61654,1.11293,1.63579,1.02141,0.0013664,0.0013664,0.0013664
34,196.402,1.01135,1.20311,0.96213,0.93403,0.70832,0.87303,0.65286,1.11486,1.44603,1.03194,0.0013466,0.0013466,0.0013466
35,201.747,1.08006,1.13246,0.9807,0.88079,0.8,0.86012,0.63083,1.10716,1.26332,1.02243,0.0013268,0.0013268,0.0013268
36,207.403,1.01008,1.11704,0.97191,0.93527,0.8,0.87013,0.64568,1.06449,1.24516,0.9972,0.001307,0.001307,0.001307
37,212.794,0.9856,1.03202,1.01194,0.98917,0.85,0.87748,0.6564,1.0796,1.25068,0.99768,0.0012872,0.0012872,0.0012872
38,218.232,1.00708,0.99762,0.96937,0.93187,0.85,0.86814,0.64375,1.05824,1.28429,0.98063,0.0012674,0.0012674,0.0012674
39,223.754,1.0636,1.03322,0.98882,0.88572,0.77573,0.85167,0.60651,1.13615,1.26655,0.99813,0.0012476,0.0012476,0.0012476
40,229.264,0.97483,0.95834,0.95155,0.80561,0.82947,0.8474,0.57354,1.16448,1.30486,1.01499,0.0012278,0.0012278,0.0012278
41,234.789,0.90637,0.91744,0.93024,0.9964,0.85,0.88233,0.66408,0.99745,1.23998,0.97761,0.001208,0.001208,0.001208
42,240.289,0.93438,0.97748,0.91781,1,0.84961,0.88548,0.66096,0.96066,1.22298,0.97083,0.0011882,0.0011882,0.0011882
43,245.759,1.06371,1.02681,0.99574,1,0.83428,0.87745,0.65934,0.98374,1.1732,0.97443,0.0011684,0.0011684,0.0011684
44,251.147,0.99217,0.98231,0.94072,0.93167,0.85,0.87184,0.65691,1.02994,1.16613,0.99272,0.0011486,0.0011486,0.0011486
45,256.589,0.98863,0.91038,0.92699,0.97775,0.85,0.8733,0.68072,1.03722,1.16793,1.00048,0.0011288,0.0011288,0.0011288
46,262.047,0.91622,0.89712,0.91737,0.9996,0.85,0.87164,0.68295,1.0099,1.15979,0.9794,0.001109,0.001109,0.001109
47,267.564,0.95794,0.88053,0.96677,0.99199,0.8,0.85651,0.64918,1.05482,1.17667,0.9928,0.0010892,0.0010892,0.0010892
48,272.993,0.98272,0.94318,0.94842,1,0.84544,0.87227,0.63601,1.07652,1.15785,0.99267,0.0010694,0.0010694,0.0010694
49,278.489,0.85763,0.83969,0.91305,0.99578,0.85,0.89227,0.67307,1.0319,1.01264,0.98941,0.0010496,0.0010496,0.0010496
50,283.929,0.84549,0.8577,0.89709,0.99051,0.85,0.90676,0.67723,1.03341,0.98289,0.9934,0.0010298,0.0010298,0.0010298
51,289.36,0.7835,0.8487,0.89622,0.99063,0.85,0.91315,0.69495,1.03294,1.00027,0.98403,0.00101,0.00101,0.00101
52,294.751,0.92295,0.85489,0.94603,0.99729,0.85,0.9147,0.70618,1.00043,0.99638,0.96978,0.0009902,0.0009902,0.0009902
53,300.225,0.92786,0.86147,0.9223,0.9911,0.85,0.9147,0.70109,0.98646,0.96086,0.97731,0.0009704,0.0009704,0.0009704
54,305.749,0.88868,0.81655,0.91675,0.98843,0.85,0.91069,0.6962,1.00303,0.99635,0.98272,0.0009506,0.0009506,0.0009506
55,311.138,0.853,0.77884,0.91941,0.99035,0.85,0.89951,0.68863,1.01079,1.02351,0.98322,0.0009308,0.0009308,0.0009308
56,316.542,0.88405,0.79586,0.95391,1,0.84932,0.86593,0.68296,0.99394,1.02381,0.97718,0.000911,0.000911,0.000911
57,321.959,0.83302,0.76216,0.93694,1,0.84654,0.86052,0.65227,1.02877,1.00843,0.99072,0.0008912,0.0008912,0.0008912
58,327.372,0.82952,0.74594,0.91317,1,0.84376,0.86588,0.64843,1.02552,0.961,0.99081,0.0008714,0.0008714,0.0008714
59,332.899,0.84551,0.75868,0.92427,1,0.84402,0.87398,0.65392,1.0211,0.93848,0.98515,0.0008516,0.0008516,0.0008516
60,338.25,0.81486,0.72658,0.90288,1,0.84897,0.9057,0.65465,0.99953,0.92205,0.97388,0.0008318,0.0008318,0.0008318
61,343.806,0.80108,0.74266,0.93033,1,0.84727,0.9082,0.66605,0.97859,0.95444,0.95834,0.000812,0.000812,0.000812
62,349.322,0.80373,0.72625,0.92422,1,0.84618,0.8676,0.64227,0.97802,0.96315,0.95869,0.0007922,0.0007922,0.0007922
63,354.767,0.78299,0.72491,0.9048,1,0.84625,0.85511,0.62274,1.002,0.98431,0.97054,0.0007724,0.0007724,0.0007724
64,360.222,0.83652,0.73621,0.88272,1,0.84652,0.85975,0.64637,1.01602,0.96157,0.9889,0.0007526,0.0007526,0.0007526
65,365.646,0.82909,0.70146,0.88761,0.99579,0.85,0.8768,0.66352,0.99952,0.92374,0.98362,0.0007328,0.0007328,0.0007328
66,371.034,0.81143,0.69988,0.92283,0.99311,0.85,0.86868,0.67623,1.00352,0.9196,0.97311,0.000713,0.000713,0.000713
67,376.509,0.79852,0.7149,0.90323,0.99133,0.85,0.86593,0.6847,1.00715,0.892,0.97018,0.0006932,0.0006932,0.0006932
68,381.971,0.82355,0.74974,0.93614,0.99249,0.85,0.86198,0.66687,1.00409,0.90723,0.96985,0.0006734,0.0006734,0.0006734
69,387.442,0.76086,0.72964,0.87187,0.99481,0.85,0.85598,0.63697,1.00643,0.97411,0.96189,0.0006536,0.0006536,0.0006536
70,392.823,0.82121,0.74622,0.90312,0.99408,0.85,0.85409,0.63239,1.00135,0.98678,0.96782,0.0006338,0.0006338,0.0006338
71,398.448,0.79328,0.66629,0.88452,0.99387,0.85,0.85167,0.63345,0.99263,0.99127,0.96665,0.000614,0.000614,0.000614
72,403.825,0.79907,0.72133,0.89178,0.99751,0.85,0.85049,0.63837,1.00304,1.02718,0.965,0.0005942,0.0005942,0.0005942
